Datum,Similarity_Score,Input_Message,Output_Message,Input_JSON,Output_JSON,Input_timesort,json_timesort,Generated_Output
2022-04-30 18:45:00,0.8093847036361694,"Na primorski avtocesti je zaradi živali oviran promet med Vrhniko in Logatcem proti Kopru. Cesta Rožna Dolina - Ajševica je pri Ajševici zaprta. Cesta Pe sek - Oplotnica je v Oplotnici zaprta. Na avtocesti od Razdrtega proti Mariboru pelje izredni prevoz. Občasno je lahko promet oviran in upočasnjen. Čakalna doba je na mejnem prehodu Obrežje. Tovorni promet Zaradi praznikov bo po Sloveniji v nedeljo, jutri in v ponedeljek, pojutrišnjem med 8. in 22. uro, veljala omejitev prometa tovornih vozil, katerih največja dovoljena masa presega 7,5 t. 30-04-2022 18:45:00","Zaradi prometne nesreče je zaprta regionalna cesta Ajševica Rožna Dolina, in to pri Ajševici. Na mejnem prehodu Obrežje vozniki na vstop v državo čakajo do dve uri, v Gruškovju pa pol ure. Povečan promet pri izstopu iz države pa je na prehodu Dobovec, na katerem vozniki čakajo uro in pol, ter na Obrežju in v Gruškovju, v katerem vozniki čakajo pol ure.","{
  ""Delo na cesti"": """",
  ""Dela"": """",
  ""Delovne zapore"": """",
  ""Popolne zapore"": """",
  ""Zastoji"": """",
  ""Ovire"": ""Na primorski avtocesti je zaradi živali oviran promet med Vrhniko in Logatcem proti Kopru."",
  ""Nesreče"": ""Cesta Rožna Dolina - Ajševica je pri Ajševici zaprta. Cesta Pe sek - Oplotnica je v Oplotnici zaprta."",
  ""Vreme"": """",
  ""Opozorila"": ""Na avtocesti od Razdrtega proti Mariboru pelje izredni prevoz. Občasno je lahko promet oviran in upočasnjen."",
  ""Zimske razmere"": """",
  ""Prireditve"": """",
  ""Mejni prehodi"": ""Čakalna doba je na mejnem prehodu Obrežje. Tovorni promet Zaradi praznikov bo po Sloveniji v nedeljo, jutri in v ponedeljek, pojutrišnjem med 8. in 22. uro, veljala omejitev prometa tovornih vozil, katerih največja dovoljena masa presega 7,5 t."",
  ""Omejitve za tovorna vozila"": """",
  ""leftover_html"": """",
  ""timestamp"": ""30-04-2022 18:45:00""
}","{
  ""Delo na cesti"": """",
  ""Dela"": """",
  ""Delovne zapore"": """",
  ""Popolne zapore"": """",
  ""Zastoji"": """",
  ""Ovire"": """",
  ""Nesreče"": ""Zaradi prometne nesreče je zaprta regionalna cesta Ajševica Rožna Dolina, in to pri Ajševici."",
  ""Opozorila"": """",
  ""Vreme"": """",
  ""Zimske razmere"": """",
  ""Prireditve"": """",
  ""Mejni prehodi"": ""Na mejnem prehodu Obrežje vozniki na vstop v državo čakajo do dve uri, v Gruškovju pa pol ure. Povečan promet pri izstopu iz države pa je na prehodu Dobovec, na katerem vozniki čakajo uro in pol, ter na Obrežju in v Gruškovju, v katerem vozniki čakajo pol ure."",
  ""Omejitve za tovorna vozila"": """",
  ""leftover_html"": """",
  ""Timestamp"": ""2022-04-30 18:30:00""
}","<p><strong>Nesreče</strong></p><p><strong>Cesta Rožna Dolina - Ajševica je pri Ajševici zaprta.</strong></p><p><strong>Cesta </strong><strong>Pe</strong><strong>sek - Oplotnica je v Oplotnici zaprta.</strong></p><p><strong>Opozorila</strong></p><p>Na avtocesti od Senožeč proti Mariboru pelje izredni prevoz. Občasno je lahko promet oviran in upočasnjen.</p><p><strong>Mejni prehodi</strong></p><p>Čakalna doba je na mejnem prehodu Obrežje.</p><p><strong>Tovorni promet</strong></p><p>Zaradi praznikov bo po Sloveniji v nedeljo, jutri in v ponedeljek, pojutrišnjem med 8. in 22. uro, veljala omejitev prometa tovornih vozil, katerih največja dovoljena masa presega 7,5 t. </p>","{
  ""Delo na cesti"": """",
  ""Dela"": """",
  ""Delovne zapore"": """",
  ""Popolne zapore"": """",
  ""Zastoji"": """",
  ""Ovire"": """",
  ""Nesreče"": ""Cesta Pe sek - Oplotnica je v Oplotnici zaprta."",
  ""Vreme"": """",
  ""Opozorila"": ""Na avtocesti od Postojne proti Mariboru pelje izredni prevoz. Občasno je lahko promet oviran in upočasnjen. Tovorni promet Zaradi praznikov bo po Sloveniji v nedeljo, jutri in v ponedeljek, pojutrišnjem med 8. in 22. uro, veljala omejitev prometa tovornih vozil, katerih največja dovoljena masa presega 7,5 t."",
  ""Zimske razmere"": """",
  ""Prireditve"": """",
  ""Mejni prehodi"": """",
  ""Omejitve za tovorna vozila"": """",
  ""leftover_html"": """",
  ""timestamp"": ""30-04-2022 19:28:00""
}","Na primorski avtocesti proti Kopru je zaradi del zaprt prehitevalni pas med Brezovico in Vrhniko. Zaradi pokvarjenega vozila je na štajerski avtocesti proti Mariboru oviran promet med Šentiljem in Dragučovo. Na mejnem prehodu Obrežje vozniki tovornih vozil na vstop v državo čakajo 1 uro. Prav tako je povečan promet osebnih vozil pri izstopu iz države. Čez vikend bo zaradi praznikov med 8 to in 22 to uro veljala omejitev prometa tovornih vozil, katerih največja dovoljena masa"
2022-04-30 13:38:00,0.7620472311973572,"Zaradi pešca je potrebna previdnost na štajerski avtocesti na razcepu Slivnica iz smeri Šentilja proti Ljubljani. Čakalna doba je na mejnih prehodih Obrežje, Dobovec, Rogatec in Gruškovje. Tovorni promet Zaradi praznikov bo po Sloveniji v nedeljo, jutri in v ponedeljek, pojutrišnjem med 8. in 22. uro, veljala omejitev prometa tovornih vozil, katerih največja dovoljena masa presega 7,5 t. 30-04-2022 13:38:00","Zaradi pokvarjenega vozila je na štajerski avtocesti v predoru Jasovnik zaprt vozni pas proti Ljubljani. Na mejnih prehodih Sečovlje, Petrina, Dragonja in Dobovec vozniki osebnih vozil na izstop iz države čakajo približno pol ure; na Obrežju, v Gruškovju ter Slovenski vasi pa 1 uro pri vstopu v državo.","{
  ""Delo na cesti"": """",
  ""Dela"": """",
  ""Delovne zapore"": """",
  ""Popolne zapore"": """",
  ""Zastoji"": """",
  ""Ovire"": ""Zaradi pešca je potrebna previdnost na štajerski avtocesti na razcepu Slivnica iz smeri Šentilja proti Ljubljani."",
  ""Nesreče"": """",
  ""Vreme"": """",
  ""Opozorila"": """",
  ""Zimske razmere"": """",
  ""Prireditve"": """",
  ""Mejni prehodi"": ""Čakalna doba je na mejnih prehodih Obrežje, Dobovec, Rogatec in Gruškovje. Tovorni promet Zaradi praznikov bo po Sloveniji v nedeljo, jutri in v ponedeljek, pojutrišnjem med 8. in 22. uro, veljala omejitev prometa tovornih vozil, katerih največja dovoljena masa presega 7,5 t."",
  ""Omejitve za tovorna vozila"": """",
  ""leftover_html"": """",
  ""timestamp"": ""30-04-2022 13:38:00""
}","{
  ""Delo na cesti"": """",
  ""Dela"": """",
  ""Delovne zapore"": """",
  ""Popolne zapore"": """",
  ""Zastoji"": """",
  ""Ovire"": ""Zaradi pokvarjenega vozila je na štajerski avtocesti v predoru Jasovnik zaprt vozni pas proti Ljubljani."",
  ""Nesreče"": """",
  ""Opozorila"": """",
  ""Vreme"": """",
  ""Zimske razmere"": """",
  ""Prireditve"": """",
  ""Mejni prehodi"": ""Na mejnih prehodih Sečovlje, Petrina, Dragonja in Dobovec vozniki osebnih vozil na izstop iz države čakajo približno pol ure; na Obrežju, v Gruškovju ter Slovenski vasi pa 1 uro pri vstopu v državo."",
  ""Omejitve za tovorna vozila"": """",
  ""leftover_html"": """",
  ""Timestamp"": ""2022-04-30 13:00:00""
}","<p><strong>Mejni prehodi</strong></p><p>Čakalna doba je na mejnih prehodih Obrežje, Dobovec in Gruškovje.</p><p><strong>Tovorni promet</strong></p><p>Zaradi praznikov bo po Sloveniji v nedeljo, jutri in v ponedeljek, pojutrišnjem med 8. in 22. uro, veljala omejitev prometa tovornih vozil, katerih največja dovoljena masa presega 7,5 t. </p>","{
  ""Delo na cesti"": """",
  ""Dela"": """",
  ""Delovne zapore"": """",
  ""Popolne zapore"": """",
  ""Zastoji"": """",
  ""Ovire"": ""Na štajerski avtocesti je zaradi okvare vozila oviran promet med Domžalami in Krtino proti Mariboru."",
  ""Nesreče"": """",
  ""Vreme"": """",
  ""Opozorila"": """",
  ""Zimske razmere"": """",
  ""Prireditve"": """",
  ""Mejni prehodi"": ""Čakalna doba je na mejnih prehodih Obrežje, Dobovec, Rogatec in Gruškovje. Tovorni promet Zaradi praznikov bo po Sloveniji v nedeljo, jutri in v ponedeljek, pojutrišnjem med 8. in 22. uro, veljala omejitev prometa tovornih vozil, katerih največja dovoljena masa presega 7,5 t."",
  ""Omejitve za tovorna vozila"": """",
  ""leftover_html"": """",
  ""timestamp"": ""30-04-2022 13:59:00""
}","Zaradi del je krajši zastoj na vzhodni mariborski obvoznici med razcepom Dragučova in priključkom Pesnica proti Šentilju. Na mejnem prehodu Gruškovje vozniki osebnih vozil na vstop v državo čakajo 1 uro, v Obrežju in Rogatcu pa 30 minut. V Gruškovju je povečan promet tudi pri izstopu iz države. V Dobovcu vozniki osebnih vozil na izstop iz države čakajo do pol ure. V Gruškovju vozniki tovornih vozil na vstop čakajo 1 uro, v Dobovcu"
2022-04-27 07:22:00,0.7067829370498657,"Cesta Dole - Šentjur bo v Šentjurju zaradi asfaltiranja do 18. ure zaprta. Obvoz za vozila do 7,5 t na relaciji Šentjur - Teharje - Bukovžlak - Dole in obratno. Za vozila nad 7,5 t po državnih cestah in avtocesti. Na primorski avtocesti je krajši zastoj na razcepu Kozarje proti Kopru, zastoj sega tudi na ljubljansko obvoznico. Pot se podaljša za približno 10 minut. Na štajerski avtocesti je pred Blagovico proti Ljubljani oviran promet. Danes, danes, do 22. ure, zaradi praznika velja splošna omejitev prometa tovornih vozil, katerih največja dovoljena masa presega 7,5 t. Kljub prazniku bo izjemoma dovoljen promet težkih tovornih vozil namenjenih v in iz Luke Koper. Cesta Čatež ob Savi - Mokrice bo pri Prilipah zaprta do 20. ure. Obvoz je po delu regionalne ceste Čatež ob Savi - Mokrice in po dolenjski avtocesti med priključkoma Brežice in Obrežje Čakalna doba je na Obrežju, Gruškovje, Jelšanah in Vinici. 27-04-2022 07:22:00",Zaradi prometne nesreče je na gorenjski avtocesti proti Avstriji zaprt prehitevalni pas med priključkom Vodice in počivališčem Vóklo. Na mariborski vzhodni obvoznici promet zaradi del med razcepom Dragučova in krožiščem Pesnica poteka dvosmerno po polovici avtoceste.,"{
  ""Delo na cesti"": ""Cesta Dole - Šentjur bo v Šentjurju zaradi asfaltiranja do 18. ure zaprta. Obvoz za vozila do 7,5 t na relaciji Šentjur - Teharje - Bukovžlak - Dole in obratno. Za vozila nad 7,5 t po državnih cestah in avtocesti."",
  ""Dela"": """",
  ""Delovne zapore"": """",
  ""Popolne zapore"": """",
  ""Zastoji"": ""Na primorski avtocesti je krajši zastoj na razcepu Kozarje proti Kopru, zastoj sega tudi na ljubljansko obvoznico. Pot se podaljša za približno 10 minut."",
  ""Ovire"": """",
  ""Nesreče"": ""Na štajerski avtocesti je pred Blagovico proti Ljubljani oviran promet."",
  ""Vreme"": """",
  ""Opozorila"": ""Danes, danes, do 22. ure, zaradi praznika velja splošna omejitev prometa tovornih vozil, katerih največja dovoljena masa presega 7,5 t. Kljub prazniku bo izjemoma dovoljen promet težkih tovornih vozil namenjenih v in iz Luke Koper."",
  ""Zimske razmere"": """",
  ""Prireditve"": ""Cesta Čatež ob Savi - Mokrice bo pri Prilipah zaprta do 20. ure. Obvoz je po delu regionalne ceste Čatež ob Savi - Mokrice in po dolenjski avtocesti med priključkoma Brežice in Obrežje"",
  ""Mejni prehodi"": ""Čakalna doba je na Obrežju, Gruškovje, Jelšanah in Vinici."",
  ""Omejitve za tovorna vozila"": """",
  ""leftover_html"": """",
  ""timestamp"": ""27-04-2022 07:22:00""
}","{
  ""Delo na cesti"": """",
  ""Dela"": """",
  ""Delovne zapore"": """",
  ""Popolne zapore"": """",
  ""Zastoji"": """",
  ""Ovire"": """",
  ""Nesreče"": ""Zaradi prometne nesreče je na gorenjski avtocesti proti Avstriji zaprt prehitevalni pas med priključkom Vodice in počivališčem Vóklo."",
  ""Opozorila"": ""Na mariborski vzhodni obvoznici promet zaradi del med razcepom Dragučova in krožiščem Pesnica poteka dvosmerno po polovici avtoceste."",
  ""Vreme"": """",
  ""Zimske razmere"": """",
  ""Prireditve"": """",
  ""Mejni prehodi"": """",
  ""Omejitve za tovorna vozila"": """",
  ""leftover_html"": """",
  ""Timestamp"": ""2022-04-27 06:30:00""
}","<p><strong>Nesreče</strong></p><p>Na primorski avtocesti je pred Vrhniko proti Kopru zaprt prehitevalni pas.</p><p><strong>Mejni prehodi</strong></p><p>Čakalna doba je na Gruškovje, Jelšanah in Vinici.</p><p><strong>Delo na cesti</strong></p><p>Cesta Dole - Šentjur bo v Šentjurju zaradi asfaltiranja do 18. ure zaprta. Obvoz za vozila do 7,5 t na relaciji Šentjur - Teharje - Bukovžlak - Dole in obratno. Za vozila nad 7,5 t po državnih cestah in avtocesti.</p><p><strong>Opozorila</strong></p><p>Danes, danes, med 8. in 22. uro, zaradi praznika velja splošna omejitev prometa tovornih vozil, katerih največja dovoljena masa presega 7,5 t. Kljub prazniku bo izjemoma dovoljen promet težkih tovornih vozil namenjenih v in iz Luke Koper.</p><p><strong>Prireditve</strong></p><p>Cesta Čatež ob Savi - Mokrice bo pri Prilipah zaprta do 20. ure. Obvoz je po delu regionalne ceste Čatež ob Savi - Mokrice in po dolenjski avtocesti med priključkoma Brežice in Obrežje</p><p></p>","{
  ""Delo na cesti"": ""Cesta Dole - Šentjur bo v Šentjurju zaradi asfaltiranja do 18. ure zaprta. Obvoz za vozila do 7,5 t na relaciji Šentjur - Teharje - Bukovžlak - Dole in obratno. Za vozila nad 7,5 t po državnih cestah in avtocesti."",
  ""Dela"": """",
  ""Delovne zapore"": """",
  ""Popolne zapore"": """",
  ""Zastoji"": ""Na primorski avtocesti je krajši zastoj na razcepu Kozarje proti Kopru, zastoj sega tudi na ljubljansko obvoznico. Pot se podaljša za približno 10 minut."",
  ""Ovire"": """",
  ""Nesreče"": ""Na štajerski avtocesti je pred Blagovico proti Ljubljani oviran promet."",
  ""Vreme"": """",
  ""Opozorila"": ""Danes, danes, do 22. ure, zaradi praznika velja splošna omejitev prometa tovornih vozil, katerih največja dovoljena masa presega 7,5 t. Kljub prazniku bo izjemoma dovoljen promet težkih tovornih vozil namenjenih v in iz Luke Koper."",
  ""Zimske razmere"": """",
  ""Prireditve"": ""Cesta Čatež ob Savi - Mokrice bo pri Prilipah zaprta do 20. ure. Obvoz je po delu regionalne ceste Čatež ob Savi - Mokrice in po dolenjski avtocesti med priključkoma Brežice in Obrežje"",
  ""Mejni prehodi"": ""Čakalna doba je na Obrežju, Gruškovje, Jelšanah in Vinici."",
  ""Omejitve za tovorna vozila"": """",
  ""leftover_html"": """",
  ""timestamp"": ""27-04-2022 07:25:00""
}","Na mejnem prehodu Gruškovje vozniki tovornih vozil na vstop v državo čakajo 2 uri. Na Obrežju je povečan promet osebnih vozil pri izstopu iz države. Na mejnem prehodu Gruškovje vozniki tovornih vozil na vstop v državo čakajo 2 uri. Na Obrežju je povečan promet osebnih vozil pri izstopu iz države. Do 22 ih velja omejitev prometa tovornih vozil, katerih največja dovoljena masa presega 7 ton in pol. Izjemoma bo promet dovoljen za tovorna vozila namen"
2022-04-27 06:28:00,0.7684073448181152,"Cesta Dole - Šentjur bo v Šentjurju zaradi asfaltiranja do 18. ure zaprta. Obvoz za vozila do 7,5 t na relaciji Šentjur - Teharje - Bukovžlak - Dole in obratno. Za vozila nad 7,5 t po državnih cestah in avtocesti. Na primorski avtocesti je pred Vrhniko proti Kopru zaprt prehitevalni pas. Danes, danes, med 8. in 22. uro, zaradi praznika velja splošna omejitev prometa tovornih vozil, katerih največja dovoljena masa presega 7,5 t. Kljub prazniku bo izjemoma dovoljen promet težkih tovornih vozil namenjenih v in iz Luke Koper. Cesta Čatež ob Savi - Mokrice bo pri Prilipah zaprta do 20. ure. Obvoz je po delu regionalne ceste Čatež ob Savi - Mokrice in po dolenjski avtocesti med priključkoma Brežice in Obrežje Čakalna doba je na Gruškovje, Jelšanah in Vinici. 27-04-2022 06:28:00","Zaradi prometne nesreče je na gorenjski avtocesti proti Avstriji zaprt prehitevalni pas med priključkom Vodice in počivališčem Vóklo. Od 8 ih do 22 ih bo veljala omejitev prometa tovornih vozil, težjih od 7 ton in pol.","{
  ""Delo na cesti"": ""Cesta Dole - Šentjur bo v Šentjurju zaradi asfaltiranja do 18. ure zaprta. Obvoz za vozila do 7,5 t na relaciji Šentjur - Teharje - Bukovžlak - Dole in obratno. Za vozila nad 7,5 t po državnih cestah in avtocesti."",
  ""Dela"": """",
  ""Delovne zapore"": """",
  ""Popolne zapore"": """",
  ""Zastoji"": """",
  ""Ovire"": """",
  ""Nesreče"": ""Na primorski avtocesti je pred Vrhniko proti Kopru zaprt prehitevalni pas."",
  ""Vreme"": """",
  ""Opozorila"": ""Danes, danes, med 8. in 22. uro, zaradi praznika velja splošna omejitev prometa tovornih vozil, katerih največja dovoljena masa presega 7,5 t. Kljub prazniku bo izjemoma dovoljen promet težkih tovornih vozil namenjenih v in iz Luke Koper."",
  ""Zimske razmere"": """",
  ""Prireditve"": ""Cesta Čatež ob Savi - Mokrice bo pri Prilipah zaprta do 20. ure. Obvoz je po delu regionalne ceste Čatež ob Savi - Mokrice in po dolenjski avtocesti med priključkoma Brežice in Obrežje"",
  ""Mejni prehodi"": ""Čakalna doba je na Gruškovje, Jelšanah in Vinici."",
  ""Omejitve za tovorna vozila"": """",
  ""leftover_html"": """",
  ""timestamp"": ""27-04-2022 06:28:00""
}","{
  ""Delo na cesti"": """",
  ""Dela"": """",
  ""Delovne zapore"": """",
  ""Popolne zapore"": """",
  ""Zastoji"": """",
  ""Ovire"": """",
  ""Nesreče"": """",
  ""Opozorila"": ""Zaradi prometne nesreče je na gorenjski avtocesti proti Avstriji zaprt prehitevalni pas med priključkom Vodice in počivališčem Vóklo. Od 8 ih do 22 ih bo veljala omejitev prometa tovornih vozil, težjih od 7 ton in pol."",
  ""Vreme"": """",
  ""Zimske razmere"": """",
  ""Prireditve"": """",
  ""Mejni prehodi"": """",
  ""Omejitve za tovorna vozila"": """",
  ""leftover_html"": """",
  ""Timestamp"": ""2022-04-27 06:00:00""
}","<p><strong>Mejni prehodi</strong></p><p>Čakalna doba je na Jelšanah in Vinici.</p><p><strong>Delo na cesti</strong></p><p>Cesta Dole - Šentjur bo v Šentjurju zaradi asfaltiranja do 18. ure zaprta. Obvoz za vozila do 7,5 t na relaciji Šentjur - Teharje - Bukovžlak - Dole in obratno. Za vozila nad 7,5 t po državnih cestah in avtocesti.</p><p><strong>Opozorila</strong></p><p>Danes, danes, med 8. in 22. uro, zaradi praznika velja splošna omejitev prometa tovornih vozil, katerih največja dovoljena masa presega 7,5 t. Kljub prazniku bo izjemoma dovoljen promet težkih tovornih vozil namenjenih v in iz Luke Koper.</p><p><strong>Prireditve</strong></p><p>Cesta Čatež ob Savi - Mokrice bo pri Prilipah zaprta do 20. ure. Obvoz je po delu regionalne ceste Čatež ob Savi - Mokrice in po dolenjski avtocesti med priključkoma Brežice in Obrežje</p><p></p>","{
  ""Delo na cesti"": ""Cesta Dole - Šentjur bo v Šentjurju zaradi asfaltiranja do 18. ure zaprta. Obvoz za vozila do 7,5 t na relaciji Šentjur - Teharje - Bukovžlak - Dole in obratno. Za vozila nad 7,5 t po državnih cestah in avtocesti."",
  ""Dela"": """",
  ""Delovne zapore"": """",
  ""Popolne zapore"": """",
  ""Zastoji"": """",
  ""Ovire"": """",
  ""Nesreče"": ""Na primorski avtocesti je pred Vrhniko proti Kopru oviran promet na odstavnem pasu. Nastal je krajši zastoj. Čas potovanja se podaljša za približno 5 minut."",
  ""Vreme"": """",
  ""Opozorila"": ""Danes, danes, med 8. in 22. uro, zaradi praznika velja splošna omejitev prometa tovornih vozil, katerih največja dovoljena masa presega 7,5 t. Kljub prazniku bo izjemoma dovoljen promet težkih tovornih vozil namenjenih v in iz Luke Koper."",
  ""Zimske razmere"": """",
  ""Prireditve"": ""Cesta Čatež ob Savi - Mokrice bo pri Prilipah zaprta do 20. ure. Obvoz je po delu regionalne ceste Čatež ob Savi - Mokrice in po dolenjski avtocesti med priključkoma Brežice in Obrežje"",
  ""Mejni prehodi"": ""Čakalna doba je na Obrežju, Gruškovje, Jelšanah in Vinici."",
  ""Omejitve za tovorna vozila"": """",
  ""leftover_html"": """",
  ""timestamp"": ""27-04-2022 06:51:00""
}","Zaradi del je na primorski avtocesti proti Kopru zaprt vozni pas med priključkoma Vrhnika in Brezovica. Prav tako zaradi del je v Šentjurju do 18 ih zaprta cesta Dole Šentjur. Obvoz za vozila do 7 ton in pol je prek Šentjurja, Teharij, Bukovžlaka in Dole. Za vozila nad 7 ton in pol pa po državnih cestah in avtocesti. Prav tako zaradi del je na obalni hitri cesti proti Ljubljani zaprt vozni pas pred predorom Markovec. Na mejnem prehodu Gruškovje vozniki osebnih vozil na"
2022-04-26 19:42:00,0.7551422119140625,"Na ljubljanski vzhodni obvoznici je zaradi živali zaprt prehitevalni pas pri Zadobrovi proti Ljubljani. Predor Karavanke je trenutno zaprt proti Sloveniji zaradi vzdrževalnih del, predvidoma do 22:00. Na ljubljanski severni obvoznici zaradi prometne nesreče med krožiščem Tomačevo in Bežigradom promet proti Kosezam poteka samo po enem prometnem pasu. V sredo, jutri, bo med 8. in 22. uro, zaradi praznika veljala splošna omejitev prometa tovornih vozil, katerih največja dovoljena masa presega 7,5 t. 26-04-2022 19:42:00","Na južni ljubljanski obvoznici je zaradi pokvarjenega vozila zaprt izvoz Ljubljana jug proti dolenjski avtocesti. Zaradi del je na severni ljubljanski obvoznici zaprt uvoz Nove Jarše proti štajerski avtocesti. Na cesti Rogatec Dobovec poteka promet zaradi prometne nesreče izmenično enosmerno. Na Obrežju je povečana promet osebnih vozil pri vstopu v državo, v Jelšanah pa pri izstopu iz nje.","{
  ""Delo na cesti"": """",
  ""Dela"": """",
  ""Delovne zapore"": """",
  ""Popolne zapore"": """",
  ""Zastoji"": """",
  ""Ovire"": ""Na ljubljanski vzhodni obvoznici je zaradi živali zaprt prehitevalni pas pri Zadobrovi proti Ljubljani. Predor Karavanke je trenutno zaprt proti Sloveniji zaradi vzdrževalnih del, predvidoma do 22:00."",
  ""Nesreče"": ""Na ljubljanski severni obvoznici zaradi prometne nesreče med krožiščem Tomačevo in Bežigradom promet proti Kosezam poteka samo po enem prometnem pasu."",
  ""Vreme"": """",
  ""Opozorila"": ""V sredo, jutri, bo med 8. in 22. uro, zaradi praznika veljala splošna omejitev prometa tovornih vozil, katerih največja dovoljena masa presega 7,5 t."",
  ""Zimske razmere"": """",
  ""Prireditve"": """",
  ""Mejni prehodi"": """",
  ""Omejitve za tovorna vozila"": """",
  ""leftover_html"": """",
  ""timestamp"": ""26-04-2022 19:42:00""
}","{
  ""Delo na cesti"": """",
  ""Dela"": """",
  ""Delovne zapore"": """",
  ""Popolne zapore"": """",
  ""Zastoji"": """",
  ""Ovire"": """",
  ""Nesreče"": """",
  ""Opozorila"": ""Na južni ljubljanski obvoznici je zaradi pokvarjenega vozila zaprt izvoz Ljubljana jug proti dolenjski avtocesti. Zaradi del je na severni ljubljanski obvoznici zaprt uvoz Nove Jarše proti štajerski avtocesti. Na cesti Rogatec Dobovec poteka promet zaradi prometne nesreče izmenično enosmerno."",
  ""Vreme"": """",
  ""Zimske razmere"": """",
  ""Prireditve"": """",
  ""Mejni prehodi"": ""Na Obrežju je povečana promet osebnih vozil pri vstopu v državo, v Jelšanah pa pri izstopu iz nje."",
  ""Omejitve za tovorna vozila"": """",
  ""leftover_html"": """",
  ""Timestamp"": ""2022-04-26 20:00:00""
}","<p><strong>Nesreče</strong></p><p>Na ljubljanski severni obvoznici zaradi prometne nesreče med krožiščem Tomačevo in Bežigradom promet proti Kosezam poteka samo po enem prometnem pasu.</p><p><strong>Opozorila</strong></p><p>V sredo, jutri, bo med 8. in 22. uro, zaradi praznika veljala splošna omejitev prometa tovornih vozil, katerih največja dovoljena masa presega 7,5 t.</p>","{
  ""Delo na cesti"": """",
  ""Dela"": """",
  ""Delovne zapore"": """",
  ""Popolne zapore"": """",
  ""Zastoji"": """",
  ""Ovire"": """",
  ""Nesreče"": """",
  ""Vreme"": """",
  ""Opozorila"": ""V sredo, jutri, bo med 8. in 22. uro, zaradi praznika veljala splošna omejitev prometa tovornih vozil, katerih največja dovoljena masa presega 7,5 t."",
  ""Zimske razmere"": """",
  ""Prireditve"": """",
  ""Mejni prehodi"": """",
  ""Omejitve za tovorna vozila"": """",
  ""leftover_html"": """",
  ""timestamp"": ""26-04-2022 20:43:00""
}","Na vzhodni ljubljanski obvoznici proti Dolenjski je zaradi prometne nesreče zaprt prehitevalni pas med priključkom Ljubljana vzhod in počivališčem Barje. Zaradi živali je oviran promet na vzhodni ljubljanski obvoznici proti Dolenjski pred izvozom Rudnik. Pred predorom Karavanke je 2 kilometra dolg zastoj proti Avstriji. Pred predorom Ljubelj je 1 kilometer dolga čakalna doba proti Avstriji. Pred predorom Karavanke je 2 kilometra dolg zastoj proti Sloveniji. V nasprotni smeri, torej proti"
2022-04-26 18:02:00,0.8052042126655579,"Na južni ljubljanski obvoznici je zaradi tovornega vozila v okvari zaprt izvoz Ljubljana Jug proti Malencam. Na cesti Rogatec - Dobovec je zaradi prometne nesreče promet urejen izmenično enosmerno pri mejnem prehodu Dobovec. V sredo, jutri, bo med 8. in 22. uro, zaradi praznika veljala splošna omejitev prometa tovornih vozil, katerih največja dovoljena masa presega 7,5 t. Čakalna doba je v Jelšanah, Obrežju in Gruškovju. 26-04-2022 18:02:00",Na južni ljubljanski obvoznici ni več daljših zastojev proti primorski avtocesti. Tudi na regionalni cesti Ljubljana Vrhnika se je promet pred delovno zaporo pri priključku Brezovica umiril. Glavna cesta Rogatec Dobovec je zaradi prometne nesreče še vedno zaprta. Na Obrežju je povečana promet osebnih vozil pri izstopu. V Gruškovju vozniki tovornih vozil na vstop v državo čakajo do 2 uri.,"{
  ""Delo na cesti"": """",
  ""Dela"": """",
  ""Delovne zapore"": """",
  ""Popolne zapore"": """",
  ""Zastoji"": """",
  ""Ovire"": ""Na južni ljubljanski obvoznici je zaradi tovornega vozila v okvari zaprt izvoz Ljubljana Jug proti Malencam."",
  ""Nesreče"": ""Na cesti Rogatec - Dobovec je zaradi prometne nesreče promet urejen izmenično enosmerno pri mejnem prehodu Dobovec."",
  ""Vreme"": """",
  ""Opozorila"": ""V sredo, jutri, bo med 8. in 22. uro, zaradi praznika veljala splošna omejitev prometa tovornih vozil, katerih največja dovoljena masa presega 7,5 t."",
  ""Zimske razmere"": """",
  ""Prireditve"": """",
  ""Mejni prehodi"": ""Čakalna doba je v Jelšanah, Obrežju in Gruškovju."",
  ""Omejitve za tovorna vozila"": """",
  ""leftover_html"": """",
  ""timestamp"": ""26-04-2022 18:02:00""
}","{
  ""Delo na cesti"": """",
  ""Dela"": """",
  ""Delovne zapore"": """",
  ""Popolne zapore"": """",
  ""Zastoji"": ""Na južni ljubljanski obvoznici ni več daljših zastojev proti primorski avtocesti."",
  ""Ovire"": """",
  ""Nesreče"": ""Tudi na regionalni cesti Ljubljana Vrhnika se je promet pred delovno zaporo pri priključku Brezovica umiril. Glavna cesta Rogatec Dobovec je zaradi prometne nesreče še vedno zaprta. Na Obrežju je povečana promet osebnih vozil pri izstopu. V Gruškovju vozniki tovornih vozil na vstop v državo čakajo do 2 uri."",
  ""Opozorila"": """",
  ""Vreme"": """",
  ""Zimske razmere"": """",
  ""Prireditve"": """",
  ""Mejni prehodi"": """",
  ""Omejitve za tovorna vozila"": """",
  ""leftover_html"": """",
  ""Timestamp"": ""2022-04-26 18:30:00""
}","<p><strong>Mejni prehodi</strong></p><p>Čakalna doba je v Jelšanah, Obrežju in Gruškovju.</p><p><strong>Opozorila</strong></p><p>V sredo, jutri, bo med 8. in 22. uro, zaradi praznika veljala splošna omejitev prometa tovornih vozil, katerih največja dovoljena masa presega 7,5 t.</p>","{
  ""Delo na cesti"": """",
  ""Dela"": """",
  ""Delovne zapore"": """",
  ""Popolne zapore"": """",
  ""Zastoji"": """",
  ""Ovire"": ""Na štajerski avtocesti je zaradi živali zaprt prehitevalni pas med Šentjakobom in Zadobrovo proti Ljubljani."",
  ""Nesreče"": ""Na ljubljanski severni obvoznici zaradi prometne nesreče med krožiščem Tomačevo in Bežigradom promet proti Kosezam poteka samo po enem prometnem pasu."",
  ""Vreme"": """",
  ""Opozorila"": ""V sredo, jutri, bo med 8. in 22. uro, zaradi praznika veljala splošna omejitev prometa tovornih vozil, katerih največja dovoljena masa presega 7,5 t."",
  ""Zimske razmere"": """",
  ""Prireditve"": """",
  ""Mejni prehodi"": """",
  ""Omejitve za tovorna vozila"": """",
  ""leftover_html"": """",
  ""timestamp"": ""26-04-2022 19:21:00""
}","Na vzhodni mariborski obvoznici proti Šentilju je zaradi prometne nesreče oviran promet med razcepom Dragučova in priključkom Maribor center. Na mejnih prehodih Gruškovje in Obrežje vozniki osebnih vozil na vstop v državo čakajo 2 uri, v Jelšanah pa 1 uro. V Gruškovju in Obrežju vozniki tovornih vozil na izstop čakajo 2 uri, v Jelšanah pa pol ure. V Gruškovju vozniki tovornih vozil na vstop v državo čakajo 1 uro. Jutri od 8"
2022-04-26 17:52:00,0.8721835613250732,"Na južni ljubljanski obvoznici je zaradi tovornega vozila v okvari zaprt izvoz Ljubljana Jug proti Malencam. Zaradi izrednega prevoza je trenutno kratkotrajno zaprt predor Karavanke proti Avstriji. Na cesti Rogatec - Dobovec je zaradi prometne nesreče promet urejen izmenično enosmerno pri mejnem prehodu Dobovec. V sredo, jutri, bo med 8. in 22. uro, zaradi praznika veljala splošna omejitev prometa tovornih vozil, katerih največja dovoljena masa presega 7,5 t. Čakalna doba je v Jelšanah, Obrežju in Gruškovju. 26-04-2022 17:52:00","Na južni ljubljanski obvoznici je zastoj proti primorski avtocesti, ki sega do počivališča Barje. Čas potovanja se tam podaljša za približno četrt ure. Na regionalni cesti Ljubljana Vrhnika je zastoj pred delovno zaporo pri priključku Brezovica proti Vrhniki. Glavna cesta Rogatec Dobovec je zaradi prometne nesreče zaprta. Na Obrežju sta povečana promet osebnih vozil pri izstopu iz države ter promet tovornih vozil pri vstopu vanjo. V Gruškovju vozniki tovornih vozil na vstop čakajo do 2 uri.","{
  ""Delo na cesti"": """",
  ""Dela"": """",
  ""Delovne zapore"": """",
  ""Popolne zapore"": """",
  ""Zastoji"": """",
  ""Ovire"": ""Na južni ljubljanski obvoznici je zaradi tovornega vozila v okvari zaprt izvoz Ljubljana Jug proti Malencam. Zaradi izrednega prevoza je trenutno kratkotrajno zaprt predor Karavanke proti Avstriji."",
  ""Nesreče"": ""Na cesti Rogatec - Dobovec je zaradi prometne nesreče promet urejen izmenično enosmerno pri mejnem prehodu Dobovec."",
  ""Vreme"": """",
  ""Opozorila"": ""V sredo, jutri, bo med 8. in 22. uro, zaradi praznika veljala splošna omejitev prometa tovornih vozil, katerih največja dovoljena masa presega 7,5 t."",
  ""Zimske razmere"": """",
  ""Prireditve"": """",
  ""Mejni prehodi"": ""Čakalna doba je v Jelšanah, Obrežju in Gruškovju."",
  ""Omejitve za tovorna vozila"": """",
  ""leftover_html"": """",
  ""timestamp"": ""26-04-2022 17:52:00""
}","{
  ""Delo na cesti"": """",
  ""Dela"": """",
  ""Delovne zapore"": """",
  ""Popolne zapore"": """",
  ""Zastoji"": ""Na južni ljubljanski obvoznici je zastoj proti primorski avtocesti, ki sega do počivališča Barje. Čas potovanja se tam podaljša za približno četrt ure. Na regionalni cesti Ljubljana Vrhnika je zastoj pred delovno zaporo pri priključku Brezovica proti Vrhniki. Glavna cesta Rogatec Dobovec je zaradi prometne nesreče zaprta."",
  ""Ovire"": """",
  ""Nesreče"": """",
  ""Opozorila"": """",
  ""Vreme"": """",
  ""Zimske razmere"": """",
  ""Prireditve"": """",
  ""Mejni prehodi"": """",
  ""Omejitve za tovorna vozila"": ""Na Obrežju sta povečana promet osebnih vozil pri izstopu iz države ter promet tovornih vozil pri vstopu vanjo. V Gruškovju vozniki tovornih vozil na vstop čakajo do 2 uri."",
  ""leftover_html"": """",
  ""Timestamp"": ""2022-04-26 18:30:00""
}","<p><strong>Mejni prehodi</strong></p><p>Čakalna doba je v Jelšanah, Obrežju in Gruškovju.</p><p><strong>Opozorila</strong></p><p>V sredo, jutri, bo med 8. in 22. uro, zaradi praznika veljala splošna omejitev prometa tovornih vozil, katerih največja dovoljena masa presega 7,5 t.</p>","{
  ""Delo na cesti"": """",
  ""Dela"": """",
  ""Delovne zapore"": """",
  ""Popolne zapore"": """",
  ""Zastoji"": """",
  ""Ovire"": ""Na štajerski avtocesti je zaradi živali zaprt prehitevalni pas med Šentjakobom in Zadobrovo proti Ljubljani."",
  ""Nesreče"": ""Na ljubljanski severni obvoznici zaradi prometne nesreče med krožiščem Tomačevo in Bežigradom promet proti Kosezam poteka samo po enem prometnem pasu."",
  ""Vreme"": """",
  ""Opozorila"": ""V sredo, jutri, bo med 8. in 22. uro, zaradi praznika veljala splošna omejitev prometa tovornih vozil, katerih največja dovoljena masa presega 7,5 t."",
  ""Zimske razmere"": """",
  ""Prireditve"": """",
  ""Mejni prehodi"": """",
  ""Omejitve za tovorna vozila"": """",
  ""leftover_html"": """",
  ""timestamp"": ""26-04-2022 19:21:00""
}","Na južni ljubljanski obvoznici je zaradi pokvarjenega tovornjaka oviran promet proti Malencam med priključkoma Ljubljana jug in Rudnik. Zaradi del je na gorenjski avtocesti zaprt prehitevalni pas pred priključkom Jesenice vzhod proti Ljubljani. V Gruškovju vozniki osebnih vozil na vstop v državo čakajo 1 uro, v Jelšanah in Obrežju pa pol ure. Prav tako v Obrežju vozniki tovornjakov na vstop čakajo do 2 uri, v Gruškovju pa eno uro. V sredo bo zaradi praz"
2022-04-26 17:52:00,0.8511806130409241,"Na južni ljubljanski obvoznici je zaradi tovornega vozila v okvari zaprt izvoz Ljubljana Jug proti Malencam. Zaradi izrednega prevoza je trenutno kratkotrajno zaprt predor Karavanke proti Avstriji. Na cesti Rogatec - Dobovec je zaradi prometne nesreče promet urejen izmenično enosmerno pri mejnem prehodu Dobovec. V sredo, jutri, bo med 8. in 22. uro, zaradi praznika veljala splošna omejitev prometa tovornih vozil, katerih največja dovoljena masa presega 7,5 t. Čakalna doba je v Jelšanah, Obrežju in Gruškovju. 26-04-2022 17:52:00","Na južni ljubljanski obvoznici je zastoj proti primorski avtocesti, ki sega skoraj do priključka Rudnik. Čas potovanja se tam podaljša za približno četrt ure. Na regionalni cesti Ljubljana Vrhnika je zastoj pred delovno zaporo pri priključku Brezovica proti Vrhniki. Glavna cesta Rogatec Dobovec je zaradi prometne nesreče zaprta. Na Obrežju sta povečana promet osebnih vozil pri izstopu iz države ter promet tovornih vozil pri vstopu vanjo. V Gruškovju vozniki tovornih vozil na vstop čakajo do 2 uri.","{
  ""Delo na cesti"": """",
  ""Dela"": """",
  ""Delovne zapore"": """",
  ""Popolne zapore"": """",
  ""Zastoji"": """",
  ""Ovire"": ""Na južni ljubljanski obvoznici je zaradi tovornega vozila v okvari zaprt izvoz Ljubljana Jug proti Malencam. Zaradi izrednega prevoza je trenutno kratkotrajno zaprt predor Karavanke proti Avstriji."",
  ""Nesreče"": ""Na cesti Rogatec - Dobovec je zaradi prometne nesreče promet urejen izmenično enosmerno pri mejnem prehodu Dobovec."",
  ""Vreme"": """",
  ""Opozorila"": ""V sredo, jutri, bo med 8. in 22. uro, zaradi praznika veljala splošna omejitev prometa tovornih vozil, katerih največja dovoljena masa presega 7,5 t."",
  ""Zimske razmere"": """",
  ""Prireditve"": """",
  ""Mejni prehodi"": ""Čakalna doba je v Jelšanah, Obrežju in Gruškovju."",
  ""Omejitve za tovorna vozila"": """",
  ""leftover_html"": """",
  ""timestamp"": ""26-04-2022 17:52:00""
}","{
  ""Delo na cesti"": """",
  ""Dela"": """",
  ""Delovne zapore"": """",
  ""Popolne zapore"": """",
  ""Zastoji"": ""Na južni ljubljanski obvoznici je zastoj proti primorski avtocesti, ki sega skoraj do priključka Rudnik. Čas potovanja se tam podaljša za približno četrt ure. Na regionalni cesti Ljubljana Vrhnika je zastoj pred delovno zaporo pri priključku Brezovica proti Vrhniki. Glavna cesta Rogatec Dobovec je zaradi prometne nesreče zaprta."",
  ""Ovire"": """",
  ""Nesreče"": """",
  ""Opozorila"": """",
  ""Vreme"": """",
  ""Zimske razmere"": """",
  ""Prireditve"": """",
  ""Mejni prehodi"": """",
  ""Omejitve za tovorna vozila"": ""Na Obrežju sta povečana promet osebnih vozil pri izstopu iz države ter promet tovornih vozil pri vstopu vanjo. V Gruškovju vozniki tovornih vozil na vstop čakajo do 2 uri."",
  ""leftover_html"": """",
  ""Timestamp"": ""2022-04-26 18:00:00""
}","<p><strong>Nesreče</strong></p><p>Na cesti Rogatec - Dobovec je zaradi prometne nesreče promet urejen izmenično enosmerno pri mejnem prehodu Dobovec.</p><p><strong>Ovire</strong></p><p>Na južni ljubljanski obvoznici je zaradi tovornega vozila v okvari zaprt izvoz Ljubljana Jug proti Malencam.<br><br>Zaradi izrednega prevoza je trenutno kratkotrajno zaprt predor Karavanke proti Avstriji.</p><p><strong>Mejni prehodi</strong></p><p>Čakalna doba je v Jelšanah, Obrežju in Gruškovju.</p><p><strong>Opozorila</strong></p><p>V sredo, jutri, bo med 8. in 22. uro, zaradi praznika veljala splošna omejitev prometa tovornih vozil, katerih največja dovoljena masa presega 7,5 t.</p>","{
  ""Delo na cesti"": """",
  ""Dela"": """",
  ""Delovne zapore"": """",
  ""Popolne zapore"": """",
  ""Zastoji"": """",
  ""Ovire"": """",
  ""Nesreče"": """",
  ""Vreme"": """",
  ""Opozorila"": ""V sredo, jutri, bo med 8. in 22. uro, zaradi praznika veljala splošna omejitev prometa tovornih vozil, katerih največja dovoljena masa presega 7,5 t."",
  ""Zimske razmere"": """",
  ""Prireditve"": """",
  ""Mejni prehodi"": ""Čakalna doba je v Jelšanah, Obrežju in Gruškovju."",
  ""Omejitve za tovorna vozila"": """",
  ""leftover_html"": """",
  ""timestamp"": ""26-04-2022 18:25:00""
}","Na južni ljubljanski obvoznici je zaradi del zaprt izvoz Ljubljana Jug proti Malencam. Zaradi izrednega prevoza je predor Karavanke proti Avstriji zaprt. Na mejnih prehodih Gruškovje, Obrežje in Jelšane vozniki osebnih vozil na vstop v državo čakajo do 1 uro, v Gruškovju in Jelšanah pa na izstop iz države 1 uro. V Gruškovju in Obrežju vozniki tovornih vozil na vstop čakajo 2 uri, v Gruškovju pa na izstop 1 uro. V sredo bo od 8"
2022-04-26 17:52:00,0.8032442331314087,"Na južni ljubljanski obvoznici je zaradi tovornega vozila v okvari zaprt izvoz Ljubljana Jug proti Malencam. Zaradi izrednega prevoza je trenutno kratkotrajno zaprt predor Karavanke proti Avstriji. Na cesti Rogatec - Dobovec je zaradi prometne nesreče promet urejen izmenično enosmerno pri mejnem prehodu Dobovec. V sredo, jutri, bo med 8. in 22. uro, zaradi praznika veljala splošna omejitev prometa tovornih vozil, katerih največja dovoljena masa presega 7,5 t. Čakalna doba je v Jelšanah, Obrežju in Gruškovju. 26-04-2022 17:52:00","Na južni ljubljanski obvoznici je daljši zastoj proti primorski avtocesti, ki sega do priključka Rudnik. Čas potovanja se tam podaljša za približno pol ure. Zastoj je tudi na zahodni obvoznici od Brda do razcepa Kozarje ter naprej do Brezovice. Zaradi del je zastoj na regionalni cesti Vrhnika Ljubljana pred delovno zaporo od Lukovice proti Brezovici ter na cesti Podpeč Brezovica. Na Dragonji in Obrežju je povečan promet osebnih vozil pri izstopu iz države. Na mejnih prehodih Obrežje in Gruškovje vozniki tovornih vozil na vstop v državo čakajo do 2 uri.","{
  ""Delo na cesti"": """",
  ""Dela"": """",
  ""Delovne zapore"": """",
  ""Popolne zapore"": """",
  ""Zastoji"": """",
  ""Ovire"": ""Na južni ljubljanski obvoznici je zaradi tovornega vozila v okvari zaprt izvoz Ljubljana Jug proti Malencam. Zaradi izrednega prevoza je trenutno kratkotrajno zaprt predor Karavanke proti Avstriji."",
  ""Nesreče"": ""Na cesti Rogatec - Dobovec je zaradi prometne nesreče promet urejen izmenično enosmerno pri mejnem prehodu Dobovec."",
  ""Vreme"": """",
  ""Opozorila"": ""V sredo, jutri, bo med 8. in 22. uro, zaradi praznika veljala splošna omejitev prometa tovornih vozil, katerih največja dovoljena masa presega 7,5 t."",
  ""Zimske razmere"": """",
  ""Prireditve"": """",
  ""Mejni prehodi"": ""Čakalna doba je v Jelšanah, Obrežju in Gruškovju."",
  ""Omejitve za tovorna vozila"": """",
  ""leftover_html"": """",
  ""timestamp"": ""26-04-2022 17:52:00""
}","{
  ""Delo na cesti"": """",
  ""Dela"": """",
  ""Delovne zapore"": """",
  ""Popolne zapore"": """",
  ""Zastoji"": ""Na južni ljubljanski obvoznici je daljši zastoj proti primorski avtocesti, ki sega do priključka Rudnik. Čas potovanja se tam podaljša za približno pol ure. Zastoj je tudi na zahodni obvoznici od Brda do razcepa Kozarje ter naprej do Brezovice. Zaradi del je zastoj na regionalni cesti Vrhnika Ljubljana pred delovno zaporo od Lukovice proti Brezovici ter na cesti Podpeč Brezovica. Na Dragonji in Obrežju je povečan promet osebnih vozil pri izstopu iz države."",
  ""Ovire"": """",
  ""Nesreče"": """",
  ""Opozorila"": """",
  ""Vreme"": """",
  ""Zimske razmere"": """",
  ""Prireditve"": """",
  ""Mejni prehodi"": """",
  ""Omejitve za tovorna vozila"": ""Na mejnih prehodih Obrežje in Gruškovje vozniki tovornih vozil na vstop v državo čakajo do 2 uri."",
  ""leftover_html"": """",
  ""Timestamp"": ""2022-04-26 17:30:00""
}","<p><strong>Nesreče</strong></p><p>Na cesti Rogatec - Dobovec je zaradi prometne nesreče promet urejen izmenično enosmerno pri mejnem prehodu Dobovec.</p><p><strong>Mejni prehodi</strong></p><p>Čakalna doba je na Obrežju in Gruškovju.</p><p><strong>Opozorila</strong></p><p>V sredo, jutri, bo med 8. in 22. uro, zaradi praznika veljala splošna omejitev prometa tovornih vozil, katerih največja dovoljena masa presega 7,5 t.</p>","{
  ""Delo na cesti"": """",
  ""Dela"": """",
  ""Delovne zapore"": """",
  ""Popolne zapore"": """",
  ""Zastoji"": """",
  ""Ovire"": """",
  ""Nesreče"": """",
  ""Vreme"": """",
  ""Opozorila"": ""V sredo, jutri, bo med 8. in 22. uro, zaradi praznika veljala splošna omejitev prometa tovornih vozil, katerih največja dovoljena masa presega 7,5 t."",
  ""Zimske razmere"": """",
  ""Prireditve"": """",
  ""Mejni prehodi"": ""Čakalna doba je v Jelšanah, Obrežju in Gruškovju."",
  ""Omejitve za tovorna vozila"": """",
  ""leftover_html"": """",
  ""timestamp"": ""26-04-2022 18:25:00""
}","Zaradi pokvarjenega tovornega vozila je na štajerski avtocesti proti Mariboru zaprt vozni pas pred priključkom Slovenska Bistrica jug. Na mejnih prehodih Obrežje in Gruškovje vozniki tovornih vozil na vstop v državo čakajo 1 uro, v Jelšanah pa do 2 uri. V Gruškovju je povečan promet tudi pri izstopu iz države. Na mejnem prehodu Starod vozniki osebnih vozil na izstop iz države čakajo do 2 uri. Zaradi praznika bo jutri med 8 in 22 uro veljala splo"
2022-04-26 16:05:00,0.7721391916275024,"Na ljubljanski obvoznici iz smeri počivališča Barje proti Primorski v razcepu Kozarje proti Primorski. Zamuda do 15 minut. Na regionalni cesti Vrhnika - Brezovica - Ljubljana je pred delovno zaporo zastoj od Ljubljane proti Brezovici. Cesta Rogatec - Dobovec je zaprta zaradi prometne nesreče. Obvoz je za voznike z vozili do 3.5 tone, ki so državljani evropske unije preko mejnega prehoda Rogatec. V sredo, jutri, bo med 8. in 22. uro, zaradi praznika veljala splošna omejitev prometa tovornih vozil, katerih največja dovoljena masa presega 7,5 t. Čakalna doba je na Obrežju in Gruškovju. 26-04-2022 16:05:00",Na podravski avtocesti je zaradi prometne nesreče promet oviran pri mejnem prehodu Gruškovje proti Mariboru. Zaradi del je zastoj na regionalni cesti Vrhnika Ljubljana pred delovno zaporo od Lukovice proti Brezovici ter na cesti Podpeč Brezovica. Na Dragonji in Obrežju je povečan promet osebnih vozil pri izstopu iz države. Na mejnih prehodih Obrežje in Gruškovje vozniki tovornih vozil na vstop v državo čakajo do 2 uri.,"{
  ""Delo na cesti"": """",
  ""Dela"": """",
  ""Delovne zapore"": """",
  ""Popolne zapore"": """",
  ""Zastoji"": ""Na ljubljanski obvoznici iz smeri počivališča Barje proti Primorski v razcepu Kozarje proti Primorski. Zamuda do 15 minut. Na regionalni cesti Vrhnika - Brezovica - Ljubljana je pred delovno zaporo zastoj od Ljubljane proti Brezovici."",
  ""Ovire"": """",
  ""Nesreče"": ""Cesta Rogatec - Dobovec je zaprta zaradi prometne nesreče. Obvoz je za voznike z vozili do 3.5 tone, ki so državljani evropske unije preko mejnega prehoda Rogatec."",
  ""Vreme"": """",
  ""Opozorila"": ""V sredo, jutri, bo med 8. in 22. uro, zaradi praznika veljala splošna omejitev prometa tovornih vozil, katerih največja dovoljena masa presega 7,5 t."",
  ""Zimske razmere"": """",
  ""Prireditve"": """",
  ""Mejni prehodi"": ""Čakalna doba je na Obrežju in Gruškovju."",
  ""Omejitve za tovorna vozila"": """",
  ""leftover_html"": """",
  ""timestamp"": ""26-04-2022 16:05:00""
}","{
  ""Delo na cesti"": """",
  ""Dela"": """",
  ""Delovne zapore"": """",
  ""Popolne zapore"": """",
  ""Zastoji"": ""Zaradi del je zastoj na regionalni cesti Vrhnika Ljubljana pred delovno zaporo od Lukovice proti Brezovici ter na cesti Podpeč Brezovica. Na Dragonji in Obrežju je povečan promet osebnih vozil pri izstopu iz države."",
  ""Ovire"": """",
  ""Nesreče"": ""Na podravski avtocesti je zaradi prometne nesreče promet oviran pri mejnem prehodu Gruškovje proti Mariboru."",
  ""Opozorila"": """",
  ""Vreme"": """",
  ""Zimske razmere"": """",
  ""Prireditve"": """",
  ""Mejni prehodi"": """",
  ""Omejitve za tovorna vozila"": ""Na mejnih prehodih Obrežje in Gruškovje vozniki tovornih vozil na vstop v državo čakajo do 2 uri."",
  ""leftover_html"": """",
  ""Timestamp"": ""2022-04-26 17:00:00""
}","<p><strong>Nesreče</strong></p><p>Na cesti Rogatec - Dobovec je zaradi prometne nesreče promet urejen izmenično enosmerno pri mejnem prehodu Dobovec.</p><p><strong>Mejni prehodi</strong></p><p>Čakalna doba je na Obrežju in Gruškovju.</p><p><strong>Opozorila</strong></p><p>V sredo, jutri, bo med 8. in 22. uro, zaradi praznika veljala splošna omejitev prometa tovornih vozil, katerih največja dovoljena masa presega 7,5 t.</p>","{
  ""Delo na cesti"": """",
  ""Dela"": """",
  ""Delovne zapore"": """",
  ""Popolne zapore"": """",
  ""Zastoji"": """",
  ""Ovire"": ""Na južni ljubljanski obvoznici je zaradi tovornega vozila v okvari zaprt izvoz Ljubljana Jug proti Malencam. Zaradi izrednega prevoza je trenutno kratkotrajno zaprt predor Karavanke proti Avstriji."",
  ""Nesreče"": ""Na cesti Rogatec - Dobovec je zaradi prometne nesreče promet urejen izmenično enosmerno pri mejnem prehodu Dobovec."",
  ""Vreme"": """",
  ""Opozorila"": ""V sredo, jutri, bo med 8. in 22. uro, zaradi praznika veljala splošna omejitev prometa tovornih vozil, katerih največja dovoljena masa presega 7,5 t."",
  ""Zimske razmere"": """",
  ""Prireditve"": """",
  ""Mejni prehodi"": ""Čakalna doba je v Jelšanah, Obrežju in Gruškovju."",
  ""Omejitve za tovorna vozila"": """",
  ""leftover_html"": """",
  ""timestamp"": ""26-04-2022 17:52:00""
}","Na štajerski avtocesti je zaradi prometne nesreče zaprt prehitevalni pas med priključkoma Blagovica in Trojane proti Mariboru. Nastal je zastoj. Opozarjamo na nevarnost naleta. Prav tako zaradi prometne nesreče je zaprta cesta Rogatec Dobovec pri Rogatcu. Obvoz je za vozila, lažja od 3 tone in pol, preko mejnega prehoda Rogatec. Zaradi del je krajši zastoj na primorski avtocesti med razcepom Kozarje in priključkom Brezovica proti Kopru. V isti smeri je zaradi pokvarjenega vozila ovir"
2022-04-26 16:05:00,0.8203234672546387,"Na ljubljanski obvoznici iz smeri počivališča Barje proti Primorski v razcepu Kozarje proti Primorski. Zamuda do 15 minut. Na regionalni cesti Vrhnika - Brezovica - Ljubljana je pred delovno zaporo zastoj od Ljubljane proti Brezovici. Cesta Rogatec - Dobovec je zaprta zaradi prometne nesreče. Obvoz je za voznike z vozili do 3.5 tone, ki so državljani evropske unije preko mejnega prehoda Rogatec. V sredo, jutri, bo med 8. in 22. uro, zaradi praznika veljala splošna omejitev prometa tovornih vozil, katerih največja dovoljena masa presega 7,5 t. Čakalna doba je na Obrežju in Gruškovju. 26-04-2022 16:05:00",Zaradi del je zastoj na regionalni cesti Vrhnika Ljubljana pred delovno zaporo od Lukovice proti Brezovici ter na cesti Podpeč Brezovica. Na Dragonji in Obrežju je povečan promet osebnih vozil pri izstopu iz države. Na mejnih prehodih Obrežje in Gruškovje vozniki tovornih vozil na vstop v državo čakajo do 2 uri.,"{
  ""Delo na cesti"": """",
  ""Dela"": """",
  ""Delovne zapore"": """",
  ""Popolne zapore"": """",
  ""Zastoji"": ""Na ljubljanski obvoznici iz smeri počivališča Barje proti Primorski v razcepu Kozarje proti Primorski. Zamuda do 15 minut. Na regionalni cesti Vrhnika - Brezovica - Ljubljana je pred delovno zaporo zastoj od Ljubljane proti Brezovici."",
  ""Ovire"": """",
  ""Nesreče"": ""Cesta Rogatec - Dobovec je zaprta zaradi prometne nesreče. Obvoz je za voznike z vozili do 3.5 tone, ki so državljani evropske unije preko mejnega prehoda Rogatec."",
  ""Vreme"": """",
  ""Opozorila"": ""V sredo, jutri, bo med 8. in 22. uro, zaradi praznika veljala splošna omejitev prometa tovornih vozil, katerih največja dovoljena masa presega 7,5 t."",
  ""Zimske razmere"": """",
  ""Prireditve"": """",
  ""Mejni prehodi"": ""Čakalna doba je na Obrežju in Gruškovju."",
  ""Omejitve za tovorna vozila"": """",
  ""leftover_html"": """",
  ""timestamp"": ""26-04-2022 16:05:00""
}","{
  ""Delo na cesti"": """",
  ""Dela"": """",
  ""Delovne zapore"": """",
  ""Popolne zapore"": """",
  ""Zastoji"": ""Zaradi del je zastoj na regionalni cesti Vrhnika Ljubljana pred delovno zaporo od Lukovice proti Brezovici ter na cesti Podpeč Brezovica. Na Dragonji in Obrežju je povečan promet osebnih vozil pri izstopu iz države."",
  ""Ovire"": """",
  ""Nesreče"": """",
  ""Opozorila"": """",
  ""Vreme"": """",
  ""Zimske razmere"": """",
  ""Prireditve"": """",
  ""Mejni prehodi"": """",
  ""Omejitve za tovorna vozila"": ""Na mejnih prehodih Obrežje in Gruškovje vozniki tovornih vozil na vstop v državo čakajo do 2 uri."",
  ""leftover_html"": """",
  ""Timestamp"": ""2022-04-26 16:30:00""
}","<p><strong>Nesreče</strong></p><p>Cesta Rogatec - Dobovec je zaprta zaradi prometne nesreče. Obvoz je za voznike z vozili do 3.5 tone, ki so državljani evropske unije preko mejnega prehoda Rogatec. </p><p><strong>Mejni prehodi</strong></p><p>Čakalna doba je na Obrežju in Gruškovju.</p><p><strong>Opozorila</strong></p><p>V sredo, jutri, bo med 8. in 22. uro, zaradi praznika veljala splošna omejitev prometa tovornih vozil, katerih največja dovoljena masa presega 7,5 t.</p>","{
  ""Delo na cesti"": """",
  ""Dela"": """",
  ""Delovne zapore"": """",
  ""Popolne zapore"": """",
  ""Zastoji"": """",
  ""Ovire"": """",
  ""Nesreče"": ""Na cesti Rogatec - Dobovec je zaradi prometne nesreče promet urejen izmenično enosmerno pri mejnem prehodu Dobovec."",
  ""Vreme"": """",
  ""Opozorila"": ""V sredo, jutri, bo med 8. in 22. uro, zaradi praznika veljala splošna omejitev prometa tovornih vozil, katerih največja dovoljena masa presega 7,5 t."",
  ""Zimske razmere"": """",
  ""Prireditve"": """",
  ""Mejni prehodi"": ""Čakalna doba je na Obrežju in Gruškovju."",
  ""Omejitve za tovorna vozila"": """",
  ""leftover_html"": """",
  ""timestamp"": ""26-04-2022 16:52:00""
}","Na primorski avtocesti je zaradi del krajši zastoj med Brezovico in Vrhniko proti Kopru. Čas vožnje se podaljša za približno 15 minut. Na mejnem prehodu Obrežje vozniki tovornih vozil na vstop v državo čakajo 2 uri. V Gruškovju pa do eno uro. Na mejnem prehodu Gruškovje vozniki osebnih vozil na vstop v državo čakajo do 2 uri, v Obrežju pa do 1 uro. Na mejnem prehodu Gruškovje vozniki tovornih vozil na izstop iz države čakajo 2"
2022-04-26 15:49:00,0.7842668294906616,"Cesta Rogatec - Dobovec je zaprta zaradi prometne nesreče. Obvoz je za voznike z vozili do 3.5 tone, ki so državljani evropske unije preko mejnega prehoda Rogatec. Zastoj Na ljubljanski obvoznici iz smeri priključka Ljubljana center proti Primorski v razcepu Kozarje proti Primorski. Zamuda do 30 minut. Iz smeri Brda proti Primorski je zamude do 10 minut. Na regionalni cesti Vrhnika - Brezovica - Ljubljana je pred delovno zaporo zastoj od Ljubljane proti Brezovici. V sredo, jutri, bo med 8. in 22. uro, zaradi praznika veljala splošna omejitev prometa tovornih vozil, katerih največja dovoljena masa presega 7,5 t. Čakalna doba je na Obrežju in Gruškovju. 26-04-2022 15:49:00","Na mariborski vzhodni obvoznici proti Ljubljani je na uvozu Maribor center obtičal tovornjak. Zaradi del so v obe smeri krajši zastoji na regionalni cesti Vrhnika Ljubljana pri avtocestnem priključku Brezovica ter na cesti od Vnanjih Goric proti Brezovici. Na mejnem prehodu Obrežje vozniki tovornih vozil na vstop v državo čakajo več kot 2 uri, v Gruškovju pa poldrugo uro. Na Dragonji je povečan promet osebnih vozil pri izstopu iz države.","{
  ""Delo na cesti"": """",
  ""Dela"": """",
  ""Delovne zapore"": """",
  ""Popolne zapore"": """",
  ""Zastoji"": """",
  ""Ovire"": """",
  ""Nesreče"": ""Cesta Rogatec - Dobovec je zaprta zaradi prometne nesreče. Obvoz je za voznike z vozili do 3.5 tone, ki so državljani evropske unije preko mejnega prehoda Rogatec. Zastoj Na ljubljanski obvoznici iz smeri priključka Ljubljana center proti Primorski v razcepu Kozarje proti Primorski. Zamuda do 30 minut. Iz smeri Brda proti Primorski je zamude do 10 minut. Na regionalni cesti Vrhnika - Brezovica - Ljubljana je pred delovno zaporo zastoj od Ljubljane proti Brezovici."",
  ""Vreme"": """",
  ""Opozorila"": ""V sredo, jutri, bo med 8. in 22. uro, zaradi praznika veljala splošna omejitev prometa tovornih vozil, katerih največja dovoljena masa presega 7,5 t."",
  ""Zimske razmere"": """",
  ""Prireditve"": """",
  ""Mejni prehodi"": ""Čakalna doba je na Obrežju in Gruškovju."",
  ""Omejitve za tovorna vozila"": """",
  ""leftover_html"": """",
  ""timestamp"": ""26-04-2022 15:49:00""
}","{
  ""Delo na cesti"": """",
  ""Dela"": """",
  ""Delovne zapore"": """",
  ""Popolne zapore"": """",
  ""Zastoji"": ""Zaradi del so v obe smeri krajši zastoji na regionalni cesti Vrhnika Ljubljana pri avtocestnem priključku Brezovica ter na cesti od Vnanjih Goric proti Brezovici."",
  ""Ovire"": """",
  ""Nesreče"": """",
  ""Opozorila"": ""Na mariborski vzhodni obvoznici proti Ljubljani je na uvozu Maribor center obtičal tovornjak."",
  ""Vreme"": """",
  ""Zimske razmere"": """",
  ""Prireditve"": """",
  ""Mejni prehodi"": """",
  ""Omejitve za tovorna vozila"": ""Na mejnem prehodu Obrežje vozniki tovornih vozil na vstop v državo čakajo več kot 2 uri, v Gruškovju pa poldrugo uro. Na Dragonji je povečan promet osebnih vozil pri izstopu iz države."",
  ""leftover_html"": """",
  ""Timestamp"": ""2022-04-26 15:30:00""
}","<p><strong>Nesreče</strong></p><p>Na primorski avtocesti je na izvozu Brezovica proti Kopru oviran promet. </p><p><strong>Zastoj</strong></p><p>Na ljubljanski obvoznici iz smeri priključka Ljubljana center proti Primorski v razcepu Kozarje proti Primorski. Zamuda do 30 minut. Iz smeri Brda proti Primorski je zamude do 10 minut.</p><p>Na regionalni cesti Vrhnika - Brezovica - Ljubljana je pred delovno zaporo zastoj od Lukovice proti Brezovici ter na cesti Podpeč - Brezovica. Priporočamo obvoz po avtocesti med Vrhniko in Ljubljano, vendar le za vozila opremljena z vinjeto ali napravo DarsGo.</p><p> </p><p><strong>Ovire</strong></p><p>Na vipavski hitri cesti je pred predorom Podananos proti Razdrtemu oviran promet zaradi previsokega vozila. </p><p><strong>Mejni prehodi</strong></p><p>Čakalna doba je na Obrežju in Gruškovju.</p><p><strong>Opozorila</strong></p><p>V sredo, jutri, bo med 8. in 22. uro, zaradi praznika veljala splošna omejitev prometa tovornih vozil, katerih največja dovoljena masa presega 7,5 t.</p>","{
  ""Delo na cesti"": """",
  ""Dela"": """",
  ""Delovne zapore"": """",
  ""Popolne zapore"": """",
  ""Zastoji"": """",
  ""Ovire"": """",
  ""Nesreče"": ""Cesta Rogatec - Dobovec je zaprta zaradi prometne nesreče. Obvoz je za voznike z vozili do 3.5 tone, ki so državljani evropske unije preko mejnega prehoda Rogatec."",
  ""Vreme"": """",
  ""Opozorila"": ""V sredo, jutri, bo med 8. in 22. uro, zaradi praznika veljala splošna omejitev prometa tovornih vozil, katerih največja dovoljena masa presega 7,5 t."",
  ""Zimske razmere"": """",
  ""Prireditve"": """",
  ""Mejni prehodi"": ""Čakalna doba je na Obrežju in Gruškovju."",
  ""Omejitve za tovorna vozila"": """",
  ""leftover_html"": """",
  ""timestamp"": ""26-04-2022 16:26:00""
}",Zaradi prometne nesreče je zaprta cesta Rogatec Dobovec. Obvoz za vozila do 3 tone in pol je prek mejnega prehoda Rogatec. Gost promet z zastoji je na primorski avtocesti od Vrhnike proti Brezovici. Čas potovanja se podaljša za približno 15 minut. Na mejnih prehodih Gruškovje in Obrežje vozniki osebnih vozil na vstop v državo čakajo do 2 uri. V Gruškovju je povečan promet tovornih vozil pri vstopu v državo. V sredo bo med 8. in 22. uro zaradi pra
2022-04-30 12:16:00,0.7512820959091187,"Na cesti Izola - Strunjan proti Portorožu. Zaradi živali je na gorenjski avtocesti oviran promet med priključkoma Kranj zahod in Kranj vzhod v obe smeri. Čakalna doba je na mejnih prehodih Sečovlje, Obrežje, Dobovec in Gruškovje. Tovorni promet Zaradi praznikov bo po Sloveniji v nedeljo, jutri in v ponedeljek, pojutrišnjem med 8. in 22. uro, veljala omejitev prometa tovornih vozil, katerih največja dovoljena masa presega 7,5 t. 30-04-2022 12:16:00","Zaradi pokvarjenega vozila je na štajerski avtocesti v predoru Jasovnik zaprt vozni pas proti Ljubljani. Na mejnih prehodih Sečovlje, Petrina, Dragonja in Dobovec vozniki osebnih vozil na izstop iz države čakajo približno pol ure, na Obrežju, v Gruškovju ter Slovenski vasi pa 1 uro pri vstopu v državo.","{
  ""Delo na cesti"": """",
  ""Dela"": """",
  ""Delovne zapore"": """",
  ""Popolne zapore"": """",
  ""Zastoji"": ""Na cesti Izola - Strunjan proti Portorožu."",
  ""Ovire"": ""Zaradi živali je na gorenjski avtocesti oviran promet med priključkoma Kranj zahod in Kranj vzhod v obe smeri."",
  ""Nesreče"": """",
  ""Vreme"": """",
  ""Opozorila"": """",
  ""Zimske razmere"": """",
  ""Prireditve"": """",
  ""Mejni prehodi"": ""Čakalna doba je na mejnih prehodih Sečovlje, Obrežje, Dobovec in Gruškovje. Tovorni promet Zaradi praznikov bo po Sloveniji v nedeljo, jutri in v ponedeljek, pojutrišnjem med 8. in 22. uro, veljala omejitev prometa tovornih vozil, katerih največja dovoljena masa presega 7,5 t."",
  ""Omejitve za tovorna vozila"": """",
  ""leftover_html"": """",
  ""timestamp"": ""30-04-2022 12:16:00""
}","{
  ""Delo na cesti"": """",
  ""Dela"": """",
  ""Delovne zapore"": """",
  ""Popolne zapore"": """",
  ""Zastoji"": """",
  ""Ovire"": ""Zaradi pokvarjenega vozila je na štajerski avtocesti v predoru Jasovnik zaprt vozni pas proti Ljubljani."",
  ""Nesreče"": """",
  ""Opozorila"": """",
  ""Vreme"": """",
  ""Zimske razmere"": """",
  ""Prireditve"": """",
  ""Mejni prehodi"": ""Na mejnih prehodih Sečovlje, Petrina, Dragonja in Dobovec vozniki osebnih vozil na izstop iz države čakajo približno pol ure, na Obrežju, v Gruškovju ter Slovenski vasi pa 1 uro pri vstopu v državo."",
  ""Omejitve za tovorna vozila"": """",
  ""leftover_html"": """",
  ""Timestamp"": ""2022-04-30 12:30:00""
}","<p><strong>Zastoji</strong></p><p>Na cesti Izola - Strunjan proti Portorožu.</p><p><strong>Mejni prehodi</strong></p><p>Čakalna doba je na mejnih prehodih Sečovlje, Obrežje, Dobovec in Gruškovje.</p><p><strong>Tovorni promet</strong></p><p>Zaradi praznikov bo po Sloveniji v nedeljo, jutri in v ponedeljek, pojutrišnjem med 8. in 22. uro, veljala omejitev prometa tovornih vozil, katerih največja dovoljena masa presega 7,5 t. </p>","{
  ""Delo na cesti"": """",
  ""Dela"": """",
  ""Delovne zapore"": """",
  ""Popolne zapore"": """",
  ""Zastoji"": """",
  ""Ovire"": """",
  ""Nesreče"": """",
  ""Vreme"": """",
  ""Opozorila"": """",
  ""Zimske razmere"": """",
  ""Prireditve"": """",
  ""Mejni prehodi"": ""Čakalna doba je na mejnih prehodih Obrežje, Dobovec, Rogatec in Gruškovje. Tovorni promet Zaradi praznikov bo po Sloveniji v nedeljo, jutri in v ponedeljek, pojutrišnjem med 8. in 22. uro, veljala omejitev prometa tovornih vozil, katerih največja dovoljena masa presega 7,5 t."",
  ""Omejitve za tovorna vozila"": """",
  ""leftover_html"": """",
  ""timestamp"": ""30-04-2022 13:25:00""
}","Na cesti Izola Strunjan je proti Portorožu zastoju. V obe smeri je zaradi živali oviran promet na gorenjski avtocesti med priključkoma Kranj zahod in Kranj vzhod. Zaradi praznikov bo v nedeljo in ponedeljek med 8 to uro in 22 to uro veljala omejitev prometa tovornih vozil, katerih največja dovoljena masa presega 7 ton in pol. Na mejnih prehodih Sečovlje, Obrežje, Dobovec in Gruškovje je povečan promet osebnih vozil pri vstopu v Slovenijo. Čas potovanja se pod"
2022-04-26 15:49:00,0.7785400152206421,"Cesta Rogatec - Dobovec je zaprta zaradi prometne nesreče. Obvoz je za voznike z vozili do 3.5 tone, ki so državljani evropske unije preko mejnega prehoda Rogatec. Zastoj Na ljubljanski obvoznici iz smeri priključka Ljubljana center proti Primorski v razcepu Kozarje proti Primorski. Zamuda do 30 minut. Iz smeri Brda proti Primorski je zamude do 10 minut. Na regionalni cesti Vrhnika - Brezovica - Ljubljana je pred delovno zaporo zastoj od Ljubljane proti Brezovici. V sredo, jutri, bo med 8. in 22. uro, zaradi praznika veljala splošna omejitev prometa tovornih vozil, katerih največja dovoljena masa presega 7,5 t. Čakalna doba je na Obrežju in Gruškovju. 26-04-2022 15:49:00",Zaradi del so v obe smeri zastoji na regionalni cesti Vrhnika Ljubljana pri avtocestnem priključku Brezovica ter na cesti od Vnanjih Goric proti Brezovici. Na mariborski vzhodni obvoznici proti Ljubljani je na uvozu Maribor center obtičal tovornjak. Na mejnem prehodu Obrežje vozniki tovornih vozil na vstop v državo čakajo več kot 2 uri.,"{
  ""Delo na cesti"": """",
  ""Dela"": """",
  ""Delovne zapore"": """",
  ""Popolne zapore"": """",
  ""Zastoji"": """",
  ""Ovire"": """",
  ""Nesreče"": ""Cesta Rogatec - Dobovec je zaprta zaradi prometne nesreče. Obvoz je za voznike z vozili do 3.5 tone, ki so državljani evropske unije preko mejnega prehoda Rogatec. Zastoj Na ljubljanski obvoznici iz smeri priključka Ljubljana center proti Primorski v razcepu Kozarje proti Primorski. Zamuda do 30 minut. Iz smeri Brda proti Primorski je zamude do 10 minut. Na regionalni cesti Vrhnika - Brezovica - Ljubljana je pred delovno zaporo zastoj od Ljubljane proti Brezovici."",
  ""Vreme"": """",
  ""Opozorila"": ""V sredo, jutri, bo med 8. in 22. uro, zaradi praznika veljala splošna omejitev prometa tovornih vozil, katerih največja dovoljena masa presega 7,5 t."",
  ""Zimske razmere"": """",
  ""Prireditve"": """",
  ""Mejni prehodi"": ""Čakalna doba je na Obrežju in Gruškovju."",
  ""Omejitve za tovorna vozila"": """",
  ""leftover_html"": """",
  ""timestamp"": ""26-04-2022 15:49:00""
}","{
  ""Delo na cesti"": """",
  ""Dela"": """",
  ""Delovne zapore"": """",
  ""Popolne zapore"": """",
  ""Zastoji"": ""Zaradi del so v obe smeri zastoji na regionalni cesti Vrhnika Ljubljana pri avtocestnem priključku Brezovica ter na cesti od Vnanjih Goric proti Brezovici."",
  ""Ovire"": """",
  ""Nesreče"": """",
  ""Opozorila"": ""Na mariborski vzhodni obvoznici proti Ljubljani je na uvozu Maribor center obtičal tovornjak."",
  ""Vreme"": """",
  ""Zimske razmere"": """",
  ""Prireditve"": """",
  ""Mejni prehodi"": """",
  ""Omejitve za tovorna vozila"": ""Na mejnem prehodu Obrežje vozniki tovornih vozil na vstop v državo čakajo več kot 2 uri."",
  ""leftover_html"": """",
  ""Timestamp"": ""2022-04-26 15:30:00""
}","<p><strong>Nesreče</strong></p><p>Na primorski avtocesti je na izvozu Brezovica proti Kopru oviran promet. </p><p><strong>Zastoj</strong></p><p>Na ljubljanski obvoznici iz smeri priključka Ljubljana center proti Primorski v razcepu Kozarje proti Primorski. Zamuda do 30 minut. Iz smeri Brda proti Primorski je zamude do 10 minut.</p><p>Na regionalni cesti Vrhnika - Brezovica - Ljubljana je pred delovno zaporo zastoj od Lukovice proti Brezovici ter na cesti Podpeč - Brezovica. Priporočamo obvoz po avtocesti med Vrhniko in Ljubljano, vendar le za vozila opremljena z vinjeto ali napravo DarsGo.</p><p> </p><p><strong>Ovire</strong></p><p>Na vipavski hitri cesti je pred predorom Podananos proti Razdrtemu oviran promet zaradi previsokega vozila. </p><p><strong>Mejni prehodi</strong></p><p>Čakalna doba je na Obrežju in Gruškovju.</p><p><strong>Opozorila</strong></p><p>V sredo, jutri, bo med 8. in 22. uro, zaradi praznika veljala splošna omejitev prometa tovornih vozil, katerih največja dovoljena masa presega 7,5 t.</p>","{
  ""Delo na cesti"": """",
  ""Dela"": """",
  ""Delovne zapore"": """",
  ""Popolne zapore"": """",
  ""Zastoji"": """",
  ""Ovire"": """",
  ""Nesreče"": ""Cesta Rogatec - Dobovec je zaprta zaradi prometne nesreče. Obvoz je za voznike z vozili do 3.5 tone, ki so državljani evropske unije preko mejnega prehoda Rogatec."",
  ""Vreme"": """",
  ""Opozorila"": ""V sredo, jutri, bo med 8. in 22. uro, zaradi praznika veljala splošna omejitev prometa tovornih vozil, katerih največja dovoljena masa presega 7,5 t."",
  ""Zimske razmere"": """",
  ""Prireditve"": """",
  ""Mejni prehodi"": ""Čakalna doba je na Obrežju in Gruškovju."",
  ""Omejitve za tovorna vozila"": """",
  ""leftover_html"": """",
  ""timestamp"": ""26-04-2022 16:26:00""
}","Na primorski avtocesti proti Kopru je zaradi pokvarjenega vozila oviran promet pred priključkom Logatec. Na mejnem prehodu Gruškovje vozniki osebnih vozil na izstop iz države čakajo 1 uro, na Obrežju pa pol ure. V Gruškovju in v Metliki vozniki osebnih vozil na vstop v državo čakajo 1 uro, v Gruškovju pa 2 uri. V sredo bo zaradi praznika med 8. in 22. uro veljala splošna omejitev prometa tovornih vozil, katerih največja dovoljena masa presega"
2022-04-26 14:50:00,0.8522397875785828,"Na dolenjski avtocesti je med predoroma Mali vrh in Debeli hrib zaradi okvare vozila oviran promet. Na primorski avtocesti je pred Brezovico proti Kopru oviran promet. Vozila so na odstavnem pasu. Na podravski avtocesti je oviran promet med Gruškovjem in priključkom Zakl pri mejnem prehodu proti Mariboru. Zastoj Na ljubljanski obvoznici iz smeri priključka Ljubljana center proti Primorski v razcepu Kozarje proti Primorski. zamuda 10 minut. Na regionalni cesti Vrhnika - Brezovica - Ljubljana je pred delovno zaporo zastoj od Lukovice proti Brezovici ter na cesti Podpeč - Brezovica. Priporočamo obvoz po avtocesti med Vrhniko in Ljubljano, vendar le za vozila opremljena z vinjeto ali napravo DarsGo. V sredo, jutri, bo med 8. in 22. uro, zaradi praznika veljala splošna omejitev prometa tovornih vozil, katerih največja dovoljena masa presega 7,5 t. Čakalna doba je na Obrežju in Gruškovju. 26-04-2022 14:50:00",Zaradi del so zastoji na regionalni cesti Vrhnika Ljubljana pri avtocestnem priključku Brezovica v obe smeri. Na primorski avtocesti proti Kopru je zaradi razlitega goriva vozišče spolzko med Vrhniko in Logatcem. Na mejnem prehodu Obrežje vozniki tovornih vozil na vstop v državo čakajo več kot 2 uri.,"{
  ""Delo na cesti"": """",
  ""Dela"": """",
  ""Delovne zapore"": """",
  ""Popolne zapore"": """",
  ""Zastoji"": """",
  ""Ovire"": ""Na dolenjski avtocesti je med predoroma Mali vrh in Debeli hrib zaradi okvare vozila oviran promet."",
  ""Nesreče"": ""Na primorski avtocesti je pred Brezovico proti Kopru oviran promet. Vozila so na odstavnem pasu. Na podravski avtocesti je oviran promet med Gruškovjem in priključkom Zakl pri mejnem prehodu proti Mariboru. Zastoj Na ljubljanski obvoznici iz smeri priključka Ljubljana center proti Primorski v razcepu Kozarje proti Primorski. zamuda 10 minut. Na regionalni cesti Vrhnika - Brezovica - Ljubljana je pred delovno zaporo zastoj od Lukovice proti Brezovici ter na cesti Podpeč - Brezovica. Priporočamo obvoz po avtocesti med Vrhniko in Ljubljano, vendar le za vozila opremljena z vinjeto ali napravo DarsGo."",
  ""Vreme"": """",
  ""Opozorila"": ""V sredo, jutri, bo med 8. in 22. uro, zaradi praznika veljala splošna omejitev prometa tovornih vozil, katerih največja dovoljena masa presega 7,5 t."",
  ""Zimske razmere"": """",
  ""Prireditve"": """",
  ""Mejni prehodi"": ""Čakalna doba je na Obrežju in Gruškovju."",
  ""Omejitve za tovorna vozila"": """",
  ""leftover_html"": """",
  ""timestamp"": ""26-04-2022 14:50:00""
}","{
  ""Delo na cesti"": """",
  ""Dela"": """",
  ""Delovne zapore"": """",
  ""Popolne zapore"": """",
  ""Zastoji"": ""Zaradi del so zastoji na regionalni cesti Vrhnika Ljubljana pri avtocestnem priključku Brezovica v obe smeri."",
  ""Ovire"": """",
  ""Nesreče"": """",
  ""Opozorila"": ""Na primorski avtocesti proti Kopru je zaradi razlitega goriva vozišče spolzko med Vrhniko in Logatcem."",
  ""Vreme"": """",
  ""Zimske razmere"": """",
  ""Prireditve"": """",
  ""Mejni prehodi"": """",
  ""Omejitve za tovorna vozila"": ""Na mejnem prehodu Obrežje vozniki tovornih vozil na vstop v državo čakajo več kot 2 uri."",
  ""leftover_html"": """",
  ""Timestamp"": ""2022-04-26 14:30:00""
}","<p><strong>Zastoj</strong></p><p>Na ljubljanski obvoznici v razcepu Kozarje proti Primorski. </p><p>Na regionalni cesti Vrhnika - Brezovica - Ljubljana je pred delovno zaporo zastoj od Lukovice proti Brezovici ter na cesti Podpeč - Brezovica. Priporočamo obvoz po avtocesti med Vrhniko in Ljubljano, vendar le za vozila opremljena z vinjeto ali napravo DarsGo.</p><p> </p><p><strong>Ovire</strong></p><p>Na dolenjski avtocesti je med predoroma Mali vrh in Debeli hrib zaradi okvare vozila oviran promet. </p><p><strong>Mejni prehodi</strong></p><p>Čakalna doba je na Obrežju in Gruškovju.</p><p><strong>Opozorila</strong></p><p>V sredo, jutri, bo med 8. in 22. uro, zaradi praznika veljala splošna omejitev prometa tovornih vozil, katerih največja dovoljena masa presega 7,5 t.</p>","{
  ""Delo na cesti"": """",
  ""Dela"": """",
  ""Delovne zapore"": """",
  ""Popolne zapore"": """",
  ""Zastoji"": """",
  ""Ovire"": ""Na vipavski hitri cesti je pred predorom Podananos proti Razdrtemu oviran promet zaradi previsokega vozila."",
  ""Nesreče"": ""Na primorski avtocesti je na izvozu Brezovica proti Kopru oviran promet. Zastoj Na ljubljanski obvoznici iz smeri priključka Ljubljana center proti Primorski v razcepu Kozarje proti Primorski. Zamuda do 30 minut. Iz smeri Brda proti Primorski je zamude do 10 minut. Na regionalni cesti Vrhnika - Brezovica - Ljubljana je pred delovno zaporo zastoj od Lukovice proti Brezovici ter na cesti Podpeč - Brezovica. Priporočamo obvoz po avtocesti med Vrhniko in Ljubljano, vendar le za vozila opremljena z vinjeto ali napravo DarsGo."",
  ""Vreme"": """",
  ""Opozorila"": ""V sredo, jutri, bo med 8. in 22. uro, zaradi praznika veljala splošna omejitev prometa tovornih vozil, katerih največja dovoljena masa presega 7,5 t."",
  ""Zimske razmere"": """",
  ""Prireditve"": """",
  ""Mejni prehodi"": ""Čakalna doba je na Obrežju in Gruškovju."",
  ""Omejitve za tovorna vozila"": """",
  ""leftover_html"": """",
  ""timestamp"": ""26-04-2022 15:15:00""
}",Na ljubljanski obvoznici proti Primorski je krajši zastoj med priključkoma Ljubljana center in Kozarje. Čas potovanja se podaljša za približno 10 minut. Na gorenjski avtocesti proti Karavankam je zaradi del zaprt vozni pas med priključkoma Brnik in Vodice. Prav tako zaradi del je krajši zastoj na dolenjski avtocesti med predoroma Debeli hrib in Mali vrh proti Ljubljani. Na mejnem prehodu Obrežje vozniki tovornih vozil na vstop v državo čakajo približno 2 uri. Na Gruškovju pa na izstop
